{
    "accuracy": 0.8086030303030303,
    "f1 score": 0.8332952307715159,
    "tn": 20.6912,
    "fp": 11.298133333333332,
    "fn": 0.9493333333333334,
    "tp": 31.050666666666668,
    "loss": 0.33615018550321185
}