{
    "accuracy": 0.7985517311538544,
    "f1 score": 0.8255474603871175,
    "tn": 20.20402561756633,
    "fp": 11.7644098810613,
    "fn": 1.126715462031107,
    "tp": 30.895242451967064,
    "loss": 0.3595982021083211
}